timestamp,N,P,K,humidity,soil_pH,temperature,crop_name
2024-07-13 00:00:00,97.229,59.111,89.34,72.879,6.116,25.346,Rice
2024-07-13 00:05:00,108.778,48.734,92.14,82.689,6.647,33.79,Rice
2024-07-13 00:10:00,106.372,52.145,96.042,81.631,6.596,27.062,Rice
2024-07-13 00:15:00,86.058,46.791,91.849,84.05,6.647,29.782,Rice
2024-07-13 00:20:00,116.293,38.609,80.746,83.314,6.317,34.382,Rice
2024-07-13 00:25:00,92.553,46.61,91.615,77.55,6.79,33.96,Rice
2024-07-13 00:30:00,85.929,46.003,86.351,86.187,6.929,31.01,Rice
2024-07-13 00:35:00,89.25,57.427,95.372,71.037,6.643,31.349,Rice
2024-07-13 00:40:00,81.567,40.283,90.574,82.523,6.391,29.932,Rice
2024-07-13 00:45:00,114.296,42.559,91.395,76.437,6.377,31.963,Rice
2024-07-13 00:50:00,78.512,44.424,85.828,86.983,6.858,26.825,Rice
2024-07-13 00:55:00,99.319,46.233,97.542,74.476,6.696,24.309,Rice
2024-07-13 01:00:00,96.862,46.407,84.728,78.127,6.598,27.852,Rice
2024-07-13 01:05:00,95.456,56.48,94.17,72.08,6.889,27.274,Rice
2024-07-13 01:10:00,112.257,41.75,94.172,83.436,6.513,29.338,Rice
2024-07-13 01:15:00,105.364,44.017,93.645,79.683,6.568,22.783,Rice
2024-07-13 01:20:00,118.343,57.775,96.376,76.722,6.939,29.696,Rice
2024-07-13 01:25:00,110.942,54.356,95.149,72.189,6.301,33.253,Rice
2024-07-13 01:30:00,118.134,43.362,86.055,85.004,6.984,26.218,Rice
2024-07-13 01:35:00,105.99,42.145,93.515,73.275,6.656,30.194,Rice
2024-07-13 01:40:00,94.062,42.694,81.661,88.856,6.644,34.297,Rice
2024-07-13 01:45:00,111.585,50.019,83.684,83.259,6.297,33.855,Rice
2024-07-13 01:50:00,106.919,42.875,88.294,79.159,6.608,31.453,Rice
2024-07-13 01:55:00,103.495,58.157,88.064,87.125,6.531,28.094,Rice
2024-07-13 02:00:00,96.945,56.663,82.922,82.219,6.889,30.797,Rice
2024-07-13 02:05:00,85.662,47.994,99.52,83.558,6.64,32.01,Rice
2024-07-13 02:10:00,90.008,38.749,86.465,86.049,6.157,34.475,Rice
2024-07-13 02:15:00,94.431,52.681,82.407,77.706,6.999,35.768,Rice
2024-07-13 02:20:00,113.192,54.572,92.273,78.884,6.239,29.383,Rice
2024-07-13 02:25:00,104.937,41.981,94.347,86.142,6.8,33.019,Rice
2024-07-13 02:30:00,91.949,48.035,98.416,69.201,6.744,25.535,Rice
2024-07-13 02:35:00,116.833,56.832,81.487,74.376,6.79,29.737,Rice
2024-07-13 02:40:00,89.469,41.597,89.109,88.113,6.82,30.74,Rice
2024-07-13 02:45:00,97.844,40.823,87.657,80.882,6.618,29.584,Rice
2024-07-13 02:50:00,95.4,41.943,93.258,88.851,6.387,30.394,Rice
2024-07-13 02:55:00,116.374,54.223,94.435,90.124,6.434,31.659,Rice
2024-07-13 03:00:00,83.646,44.899,92.683,69.679,6.95,33.948,Rice
2024-07-13 03:05:00,116.855,53.871,88.191,73.645,6.318,31.859,Rice
2024-07-13 03:10:00,81.341,58.72,83.595,69.11,6.476,25.235,Rice
2024-07-13 03:15:00,80.694,54.549,88.986,82.083,6.208,25.64,Rice
2024-07-13 03:20:00,86.987,52.168,89.434,77.715,5.937,29.784,Rice
2024-07-13 03:25:00,117.666,56.164,86.881,72.268,6.414,27.78,Rice
2024-07-13 03:30:00,88.257,57.519,81.798,79.601,6.627,25.524,Rice
2024-07-13 03:35:00,96.431,55.925,91.583,84.228,6.83,27.781,Rice
2024-07-13 03:40:00,99.615,59.458,82.867,81.813,6.056,26.312,Rice
2024-07-13 03:45:00,106.274,51.115,91.726,74.998,6.789,29.064,Rice
2024-07-13 03:50:00,97.501,50.964,94.548,71.518,6.755,27.8,Rice
2024-07-13 03:55:00,114.662,57.274,87.083,69.938,6.227,29.189,Rice
2024-07-13 04:00:00,95.213,39.987,86.098,90.234,6.222,27.367,Rice
2024-07-13 04:05:00,116.99,58.249,91.43,75.289,6.871,30.391,Rice
2024-07-13 04:10:00,88.443,49.094,87.196,87.242,6.473,26.476,Rice
2024-07-13 04:15:00,81.751,50.223,81.916,81.48,6.748,24.594,Rice
2024-07-13 04:20:00,84.628,43.703,86.792,87.318,7.086,33.656,Rice
2024-07-13 04:25:00,104.768,52.668,95.934,72.919,6.506,33.286,Rice
2024-07-13 04:30:00,88.237,52.878,86.984,83.137,6.976,26.565,Rice
2024-07-13 04:35:00,116.865,57.553,95.452,70.587,6.489,33.207,Rice
2024-07-13 04:40:00,105.053,44.833,80.883,74.805,6.863,25.265,Rice
2024-07-13 04:45:00,106.956,53.136,99.473,73.236,6.515,33.255,Rice
2024-07-13 04:50:00,88.405,40.196,92.597,80.715,6.116,30.996,Rice
2024-07-13 04:55:00,86.274,41.934,96.619,78.111,6.906,28.008,Rice
2024-07-13 05:00:00,93.006,52.758,96.479,72.573,6.123,26.681,Rice
2024-07-13 05:05:00,88.818,53.476,99.618,81.307,6.514,31.063,Rice
2024-07-13 05:10:00,85.425,53.481,92.926,79.126,6.522,31.593,Rice
2024-07-13 05:15:00,89.552,54.727,101.206,80.9,6.879,27.499,Rice
2024-07-13 05:20:00,113.101,48.106,87.399,77.004,6.364,33.685,Rice
2024-07-13 05:25:00,88.063,45.877,88.596,88.562,7.088,27.378,Rice
2024-07-13 05:30:00,90.83,51.199,87.914,72.336,6.55,26.637,Rice
2024-07-13 05:35:00,106.622,48.314,90.536,76.391,6.387,28.922,Rice
2024-07-13 05:40:00,118.411,53.86,80.54,75.62,6.213,28.932,Rice
2024-07-13 05:45:00,96.313,44.28,89.337,84.794,6.205,35.332,Rice
2024-07-13 05:50:00,98.205,50.877,86.199,80.519,6.855,32.822,Rice
2024-07-13 05:55:00,119.566,61.568,89.171,89.4,6.536,29.841,Rice
2024-07-13 06:00:00,80.692,43.223,88.797,70.665,6.056,32.245,Rice
2024-07-13 06:05:00,92.565,53.534,96.39,70.999,5.992,30.695,Rice
2024-07-13 06:10:00,113.298,46.215,82.304,80.947,7.007,31.879,Rice
2024-07-13 06:15:00,85.814,41.171,91.192,78.666,6.558,26.162,Rice
2024-07-13 06:20:00,117.23,53.811,92.944,90.511,6.782,33.611,Rice
2024-07-13 06:25:00,81.989,51.503,83.125,75.743,6.763,31.498,Rice
2024-07-13 06:30:00,117.934,54.883,85.564,72.889,6.068,27.003,Rice
2024-07-13 06:35:00,84.58,57.904,86.943,72.091,6.715,29.512,Rice
2024-07-13 06:40:00,81.259,54.762,98.31,81.248,6.537,26.443,Rice
2024-07-13 06:45:00,114.7,57.986,84.504,75.642,6.786,31.379,Rice
2024-07-13 06:50:00,89.842,41.299,89.262,72.729,6.544,27.703,Rice
2024-07-13 06:55:00,85.968,58.017,84.337,87.611,6.671,31.01,Rice
2024-07-13 07:00:00,108.327,43.255,96.788,71.313,6.487,27.191,Rice
2024-07-13 07:05:00,113.002,51.544,97.084,71.359,6.244,30.55,Rice
2024-07-13 07:10:00,110.447,48.937,89.328,83.412,6.825,32.835,Rice
2024-07-13 07:15:00,109.135,41.711,83.206,76.16,6.593,29.075,Rice
2024-07-13 07:20:00,92.574,46.595,92.103,80.805,7.097,33.791,Rice
2024-07-13 07:25:00,92.808,46.094,86.725,77.756,6.897,33.851,Rice
2024-07-13 07:30:00,101.517,49.838,88.432,77.342,6.213,28.238,Rice
2024-07-13 07:35:00,83.205,42.328,89.363,70.895,6.735,29.212,Rice
2024-07-13 07:40:00,96.321,45.223,80.204,74.047,6.541,25.676,Rice
2024-07-13 07:45:00,85.46,45.554,90.919,74.412,6.59,25.725,Rice
2024-07-13 07:50:00,104.467,59.626,82.943,84.569,6.175,27.078,Rice
2024-07-13 07:55:00,103.86,60.452,89.719,84.409,6.123,32.66,Rice
2024-07-13 08:00:00,93.027,56.228,97.306,74.597,6.417,34.369,Rice
2024-07-13 08:05:00,104.083,40.654,89.872,74.386,6.818,30.593,Rice
2024-07-13 08:10:00,117.77,46.799,92.311,75.612,6.407,33.847,Rice
2024-07-13 08:15:00,109.122,47.465,89.219,73.861,6.995,32.017,Rice
2024-07-13 08:20:00,113.591,40.401,97.886,84.292,6.444,26.456,Rice
2024-07-13 08:25:00,104.759,57.476,96.448,89.12,6.068,32.469,Rice
2024-07-13 08:30:00,95.286,39.642,91.911,70.088,6.496,29.91,Rice
2024-07-13 08:35:00,112.482,58.097,87.101,74.36,6.672,28.673,Rice
2024-07-13 08:40:00,105.551,45.951,87.832,87.376,6.46,31.726,Rice
2024-07-13 08:45:00,116.672,48.859,90.144,82.155,6.221,32.557,Rice
2024-07-13 08:50:00,84.869,51.468,95.55,83.065,5.978,27.497,Rice
2024-07-13 08:55:00,90.052,54.215,86.943,91.572,6.921,31.053,Rice
2024-07-13 09:00:00,84.477,57.34,82.103,87.352,5.957,32.795,Rice
2024-07-13 09:05:00,120.114,45.094,95.303,88.746,6.035,27.476,Rice
2024-07-13 09:10:00,101.473,55.741,83.212,75.892,6.82,33.21,Rice
2024-07-13 09:15:00,95.612,41.927,94.841,87.258,6.823,30.92,Rice
2024-07-13 09:20:00,96.293,60.173,99.85,89.047,6.714,32.678,Rice
2024-07-13 09:25:00,113.18,46.935,92.503,88.9,6.266,27.908,Rice
2024-07-13 09:30:00,109.726,43.904,94.232,71.762,6.751,28.376,Rice
2024-07-13 09:35:00,115.541,52.395,96.261,84.291,6.916,31.675,Rice
2024-07-13 09:40:00,112.678,59.757,87.506,78.671,5.942,30.107,Rice
2024-07-13 09:45:00,83.416,43.891,93.969,70.827,6.29,30.716,Rice
2024-07-13 09:50:00,87.569,50.397,101.417,85.471,6.68,29.497,Rice
2024-07-13 09:55:00,100.323,43.213,93.924,86.686,6.599,33.571,Rice
2024-07-13 10:00:00,100.093,59.023,89.105,86.292,6.473,26.854,Rice
2024-07-13 10:05:00,92.697,51.396,80.087,82.662,6.216,31.688,Rice
2024-07-13 10:10:00,113.575,51.575,99.368,89.603,6.124,27.31,Rice
2024-07-13 10:15:00,83.617,42.609,98.978,84.841,6.782,27.426,Rice
2024-07-13 10:20:00,102.74,47.189,82.662,70.78,7.007,34.819,Rice
2024-07-13 10:25:00,119.798,52.627,97.057,70.871,6.769,26.548,Rice
2024-07-13 10:30:00,99.832,41.595,87.26,88.597,6.352,32.818,Rice
2024-07-13 10:35:00,101.843,52.168,82.023,88.361,6.826,27.229,Rice
2024-07-13 10:40:00,79.733,50.585,93.677,71.016,6.051,24.956,Rice
2024-07-13 10:45:00,121.044,43.932,90.893,85.225,6.609,34.076,Rice
2024-07-13 10:50:00,103.698,42.399,101.253,78.47,6.532,25.592,Rice
2024-07-13 10:55:00,108.607,39.616,86.119,83.235,6.202,32.264,Rice
2024-07-13 11:00:00,113.904,50.231,95.521,74.833,6.137,32.522,Rice
2024-07-13 11:05:00,110.414,55.887,99.352,71.756,6.371,29.829,Rice
2024-07-13 11:10:00,111.607,54.083,80.751,73.029,6.381,32.457,Rice
2024-07-13 11:15:00,104.415,58.461,81.497,86.097,5.958,26.402,Rice
2024-07-13 11:20:00,92.731,47.801,86.0,71.803,6.627,30.372,Rice
2024-07-13 11:25:00,113.784,47.158,91.341,75.127,6.353,31.117,Rice
2024-07-13 11:30:00,90.208,60.708,92.175,78.278,6.107,26.413,Rice
2024-07-13 11:35:00,108.787,50.622,85.228,80.95,7.013,27.42,Rice
2024-07-13 11:40:00,95.916,50.624,95.845,84.92,6.256,26.859,Rice
2024-07-13 11:45:00,112.798,47.461,89.614,75.659,6.82,34.029,Rice
2024-07-13 11:50:00,109.732,40.95,84.827,79.123,6.135,33.979,Rice
2024-07-13 11:55:00,86.415,44.439,94.955,83.061,6.96,27.396,Rice
2024-07-13 12:00:00,111.28,52.097,81.871,74.529,6.612,28.701,Rice
2024-07-13 12:05:00,99.095,55.013,82.99,85.897,6.476,31.625,Rice
2024-07-13 12:10:00,117.35,57.609,89.653,87.129,6.917,33.255,Rice
2024-07-13 12:15:00,103.885,60.335,88.824,72.347,6.013,31.606,Rice
2024-07-13 12:20:00,89.297,46.889,85.095,81.785,6.807,29.35,Rice
2024-07-13 12:25:00,89.43,55.742,89.474,75.279,6.59,31.228,Rice
2024-07-13 12:30:00,108.275,51.101,87.476,77.913,7.028,30.719,Rice
2024-07-13 12:35:00,91.646,49.035,95.935,84.464,6.745,31.755,Rice
2024-07-13 12:40:00,98.146,59.186,81.207,87.428,6.612,35.523,Rice
2024-07-13 12:45:00,114.902,52.743,90.467,71.478,6.879,33.107,Rice
2024-07-13 12:50:00,82.489,50.183,95.746,72.986,6.172,25.668,Rice
2024-07-13 12:55:00,105.303,40.038,87.237,78.171,6.346,30.107,Rice
2024-07-13 13:00:00,105.382,48.953,98.418,74.05,6.639,31.422,Rice
2024-07-13 13:05:00,100.496,50.438,87.844,71.717,6.539,33.136,Rice
2024-07-13 13:10:00,101.357,48.866,99.038,73.523,6.673,34.039,Rice
2024-07-13 13:15:00,115.944,53.826,86.553,75.259,6.737,32.06,Rice
2024-07-13 13:20:00,98.401,48.211,81.024,86.138,6.944,34.199,Rice
2024-07-13 13:25:00,86.727,51.906,87.019,81.997,7.046,30.678,Rice
2024-07-13 13:30:00,93.352,48.399,85.631,83.664,6.214,27.015,Rice
2024-07-13 13:35:00,91.474,42.712,95.999,72.66,6.82,26.346,Rice
2024-07-13 13:40:00,86.384,52.891,92.393,77.226,6.064,33.036,Rice
2024-07-13 13:45:00,82.949,56.268,81.154,81.376,6.097,26.112,Rice
2024-07-13 13:50:00,108.662,57.663,96.047,84.898,6.108,32.985,Rice
2024-07-13 13:55:00,101.335,58.175,83.093,76.179,6.104,31.204,Rice
2024-07-13 14:00:00,99.588,46.508,92.137,76.644,6.949,34.63,Rice
2024-07-13 14:05:00,108.296,47.016,87.239,77.206,5.997,26.169,Rice
2024-07-13 14:10:00,104.879,51.764,97.524,78.629,7.054,28.757,Rice
2024-07-13 14:15:00,115.553,49.868,89.929,77.699,6.042,28.957,Rice
2024-07-13 14:20:00,118.888,53.151,82.664,83.251,6.518,34.193,Rice
2024-07-13 14:25:00,109.661,46.583,88.554,89.954,6.156,31.382,Rice
2024-07-13 14:30:00,85.975,53.03,96.062,76.443,6.306,31.158,Rice
2024-07-13 14:35:00,99.956,41.259,95.154,82.407,6.29,34.84,Rice
2024-07-13 14:40:00,97.172,55.001,84.114,80.094,6.708,31.374,Rice
2024-07-13 14:45:00,98.688,50.461,90.582,82.782,6.492,25.2,Rice
2024-07-13 14:50:00,95.413,56.766,86.647,86.307,6.068,26.27,Rice
2024-07-13 14:55:00,108.863,55.385,91.816,84.032,6.169,30.909,Rice
2024-07-13 15:00:00,116.022,43.765,94.294,76.933,6.591,27.536,Rice
2024-07-13 15:05:00,99.632,50.895,86.868,77.655,6.99,27.431,Rice
2024-07-13 15:10:00,88.099,52.19,98.454,75.543,6.394,31.204,Rice
2024-07-13 15:15:00,121.133,55.551,92.951,74.09,6.146,32.424,Rice
2024-07-13 15:20:00,103.67,47.969,97.592,87.661,6.645,26.697,Rice
2024-07-13 15:25:00,96.527,48.514,94.902,88.174,6.325,30.789,Rice
2024-07-13 15:30:00,93.067,50.648,84.446,85.33,6.806,25.455,Rice
2024-07-13 15:35:00,105.937,41.884,82.145,72.245,6.309,29.289,Rice
2024-07-13 15:40:00,121.373,52.343,83.567,89.498,6.044,33.392,Rice
2024-07-13 15:45:00,110.551,42.889,89.494,82.487,6.754,32.337,Rice
2024-07-13 15:50:00,101.941,53.395,81.676,74.649,6.923,31.447,Rice
2024-07-13 15:55:00,79.061,59.685,90.005,89.18,6.239,30.446,Rice
2024-07-13 16:00:00,96.716,45.607,93.661,89.609,6.753,33.952,Rice
2024-07-13 16:05:00,91.055,60.643,96.701,82.212,6.368,27.246,Rice
2024-07-13 16:10:00,103.341,59.238,83.124,81.085,6.486,29.955,Rice
2024-07-13 16:15:00,95.426,50.871,82.166,74.579,6.648,34.783,Rice
2024-07-13 16:20:00,83.589,57.764,89.414,85.492,6.173,29.396,Rice
2024-07-13 16:25:00,84.267,40.517,91.304,86.198,6.253,30.108,Rice
2024-07-13 16:30:00,94.953,55.001,84.158,85.173,6.19,33.531,Rice
2024-07-13 16:35:00,86.043,60.548,79.564,72.789,6.478,28.742,Rice
2024-07-13 16:40:00,83.164,60.167,91.106,75.678,6.412,34.772,Rice
2024-07-13 16:45:00,119.571,49.344,89.752,83.147,6.322,26.458,Rice
2024-07-13 16:50:00,112.297,59.284,95.235,91.0,6.438,25.394,Rice
2024-07-13 16:55:00,84.701,52.918,94.219,84.385,6.497,34.203,Rice
2024-07-13 17:00:00,103.724,58.958,94.461,73.592,6.389,27.294,Rice
2024-07-13 17:05:00,112.577,58.034,94.937,87.919,6.637,27.988,Rice
2024-07-13 17:10:00,120.45,52.122,84.378,71.994,5.87,25.1,Rice
2024-07-13 17:15:00,82.666,50.895,90.763,79.551,6.263,28.757,Rice
2024-07-13 17:20:00,113.766,56.345,91.142,86.573,6.347,35.115,Rice
2024-07-13 17:25:00,107.363,43.614,86.171,77.136,6.781,30.555,Rice
2024-07-13 17:30:00,100.501,49.803,85.309,77.439,6.577,30.957,Rice
2024-07-13 17:35:00,118.893,54.26,87.33,79.296,6.428,27.719,Rice
2024-07-13 17:40:00,95.245,57.527,94.802,87.615,6.311,34.332,Rice
2024-07-13 17:45:00,98.058,44.942,91.62,69.429,6.422,30.311,Rice
2024-07-13 17:50:00,112.131,41.849,94.136,79.541,6.343,26.949,Rice
2024-07-13 17:55:00,91.939,45.66,97.136,85.772,6.787,32.332,Rice
2024-07-13 18:00:00,95.472,46.202,87.978,86.622,6.826,28.261,Rice
2024-07-13 18:05:00,87.129,56.217,94.572,79.748,6.231,26.825,Rice
2024-07-13 18:10:00,109.21,44.361,100.493,84.674,7.072,31.288,Rice
2024-07-13 18:15:00,104.664,49.506,96.339,77.395,6.155,26.212,Rice
2024-07-13 18:20:00,102.156,41.641,91.577,88.639,6.709,29.894,Rice
2024-07-13 18:25:00,105.997,46.709,96.84,80.517,6.786,30.678,Rice
2024-07-13 18:30:00,106.798,58.063,94.489,84.223,6.202,34.37,Rice
2024-07-13 18:35:00,96.243,40.371,88.335,82.143,6.063,27.639,Rice
2024-07-13 18:40:00,84.762,44.246,93.273,75.434,6.502,30.895,Rice
2024-07-13 18:45:00,99.128,46.516,85.654,83.439,6.425,25.939,Rice
2024-07-13 18:50:00,102.886,54.187,90.805,83.982,6.888,24.708,Rice
2024-07-13 18:55:00,80.384,39.717,81.447,84.945,6.399,33.967,Rice
2024-07-13 19:00:00,107.506,53.312,85.058,78.367,6.375,28.48,Rice
2024-07-13 19:05:00,105.976,59.569,97.511,70.864,6.992,36.152,Rice
2024-07-13 19:10:00,99.028,51.725,98.481,70.479,6.108,25.553,Rice
2024-07-13 19:15:00,85.907,55.814,92.76,77.318,6.378,24.946,Rice
2024-07-13 19:20:00,112.005,41.655,93.556,72.12,6.223,27.042,Rice
2024-07-13 19:25:00,84.845,52.235,90.471,80.632,6.47,33.216,Rice
2024-07-13 19:30:00,115.952,41.683,81.376,74.552,6.279,27.461,Rice
2024-07-13 19:35:00,86.344,43.741,80.844,84.13,6.795,25.377,Rice
2024-07-13 19:40:00,96.04,39.706,96.588,77.82,6.649,34.947,Rice
2024-07-13 19:45:00,100.807,52.188,88.443,74.63,6.817,33.34,Rice
2024-07-13 19:50:00,79.34,51.407,81.737,76.723,6.692,26.058,Rice
2024-07-13 19:55:00,96.234,57.828,79.713,88.817,6.605,28.562,Rice
2024-07-13 20:00:00,105.168,54.674,95.049,89.296,6.709,26.5,Rice
2024-07-13 20:05:00,96.616,47.889,89.62,77.018,6.344,32.873,Rice
2024-07-13 20:10:00,102.929,42.425,88.992,73.769,6.425,34.078,Rice
2024-07-13 20:15:00,101.306,44.765,89.281,71.856,6.873,32.362,Rice
2024-07-13 20:20:00,106.221,53.874,88.147,77.075,6.082,32.263,Rice
2024-07-13 20:25:00,108.062,54.033,94.06,70.928,6.289,32.624,Rice
2024-07-13 20:30:00,80.334,46.289,93.503,83.036,6.126,32.586,Rice
2024-07-13 20:35:00,108.351,54.135,79.067,76.6,6.554,26.524,Rice
2024-07-13 20:40:00,77.781,50.614,97.998,81.204,6.245,24.5,Rice
2024-07-13 20:45:00,108.49,40.25,82.023,74.741,6.388,34.824,Rice
2024-07-13 20:50:00,102.736,40.591,89.129,81.389,6.037,29.89,Rice
2024-07-13 20:55:00,99.889,52.25,79.74,83.466,6.886,29.243,Rice
2024-07-13 21:00:00,107.959,57.38,88.572,70.959,6.987,35.291,Rice
2024-07-13 21:05:00,82.602,49.086,96.329,70.98,6.664,29.604,Rice
2024-07-13 21:10:00,100.441,59.356,88.718,77.229,7.025,33.267,Rice
2024-07-13 21:15:00,90.921,47.947,97.764,85.45,6.537,25.276,Rice
2024-07-13 21:20:00,107.835,49.179,95.193,78.652,6.392,24.852,Rice
2024-07-13 21:25:00,90.917,57.269,101.196,81.373,6.718,28.67,Rice
2024-07-13 21:30:00,88.303,42.075,92.264,71.862,6.339,27.989,Rice
2024-07-13 21:35:00,95.909,53.913,83.471,85.537,6.082,27.615,Rice
2024-07-13 21:40:00,115.336,47.503,89.375,80.082,6.842,28.881,Rice
2024-07-13 21:45:00,121.33,46.714,88.126,79.63,6.131,26.643,Rice
2024-07-13 21:50:00,86.48,41.663,99.12,84.96,6.653,27.015,Rice
2024-07-13 21:55:00,105.522,46.138,99.541,72.02,6.688,34.762,Rice
2024-07-13 22:00:00,94.107,45.277,94.757,84.744,6.652,25.248,Rice
2024-07-13 22:05:00,99.268,54.581,98.273,74.347,6.702,32.791,Rice
2024-07-13 22:10:00,100.822,55.034,83.857,79.811,6.909,25.285,Rice
2024-07-13 22:15:00,96.679,50.142,93.576,76.424,6.937,31.93,Rice
2024-07-13 22:20:00,101.363,53.087,81.868,72.036,6.5,32.765,Rice
2024-07-13 22:25:00,100.575,56.208,96.908,90.741,6.579,33.847,Rice
2024-07-13 22:30:00,115.974,50.35,99.556,82.839,6.123,34.573,Rice
2024-07-13 22:35:00,115.531,42.888,86.714,73.398,6.079,24.966,Rice
2024-07-13 22:40:00,120.163,45.977,91.611,87.026,6.934,25.973,Rice
2024-07-13 22:45:00,97.085,55.863,97.27,73.938,6.654,31.589,Rice
2024-07-13 22:50:00,83.815,59.692,86.159,88.94,6.32,30.113,Rice
2024-07-13 22:55:00,106.133,49.649,95.603,84.717,6.47,31.882,Rice
2024-07-13 23:00:00,108.091,41.339,97.779,85.936,6.452,26.506,Rice
2024-07-13 23:05:00,108.283,50.132,93.433,71.289,6.455,24.594,Rice
2024-07-13 23:10:00,83.653,43.397,87.186,74.274,6.972,31.172,Rice
2024-07-13 23:15:00,100.896,58.915,86.841,72.775,6.645,30.382,Rice
2024-07-13 23:20:00,81.986,53.519,100.307,75.78,6.928,26.179,Rice
2024-07-13 23:25:00,80.062,52.397,81.029,76.731,6.413,32.108,Rice
2024-07-13 23:30:00,89.818,56.178,93.533,90.299,6.6,30.942,Rice
2024-07-13 23:35:00,96.097,47.549,87.533,75.965,7.0,28.52,Rice
2024-07-13 23:40:00,116.324,49.114,92.22,82.991,6.578,29.293,Rice
2024-07-13 23:45:00,102.797,57.546,90.523,79.778,6.799,32.72,Rice
2024-07-13 23:50:00,108.618,43.524,83.44,87.937,6.351,32.311,Rice
2024-07-13 23:55:00,103.401,43.091,95.668,81.082,6.273,26.336,Rice
2024-07-14 00:00:00,98.216,53.823,96.181,69.744,6.703,32.337,Rice
2024-07-14 00:05:00,88.033,51.8,95.895,74.207,6.526,29.75,Rice
2024-07-14 00:10:00,94.775,40.042,96.89,88.662,6.425,31.328,Rice
2024-07-14 00:15:00,115.354,58.816,81.668,75.428,6.508,29.537,Rice
2024-07-14 00:20:00,86.793,40.631,93.907,77.009,6.755,24.274,Rice
2024-07-14 00:25:00,85.185,57.812,91.45,84.582,6.355,30.64,Rice
2024-07-14 00:30:00,105.9,42.149,83.893,73.177,6.466,30.527,Rice
2024-07-14 00:35:00,80.36,43.466,98.705,80.474,6.708,26.372,Rice
2024-07-14 00:40:00,86.487,56.643,98.653,72.957,6.478,27.494,Rice
2024-07-14 00:45:00,108.944,50.674,87.27,79.744,6.801,26.519,Rice
2024-07-14 00:50:00,111.526,43.659,83.667,80.24,6.141,34.816,Rice
2024-07-14 00:55:00,85.971,48.98,91.582,82.731,6.948,32.053,Rice
2024-07-14 01:00:00,110.112,53.734,94.277,87.034,6.276,28.989,Rice
2024-07-14 01:05:00,99.949,41.218,88.001,74.634,6.47,29.795,Rice
2024-07-14 01:10:00,117.153,49.452,88.26,85.822,6.183,25.864,Rice
2024-07-14 01:15:00,95.926,51.448,98.971,72.003,6.096,27.941,Rice
2024-07-14 01:20:00,92.972,45.493,84.001,73.561,6.95,27.029,Rice
2024-07-14 01:25:00,95.95,43.303,93.723,75.348,5.946,25.972,Rice
2024-07-14 01:30:00,112.012,59.316,87.52,78.584,6.52,33.801,Rice
2024-07-14 01:35:00,104.456,53.642,86.858,72.681,6.43,34.692,Rice
2024-07-14 01:40:00,104.015,43.617,88.68,88.635,6.263,27.195,Rice
2024-07-14 01:45:00,80.514,49.85,79.222,90.398,6.348,32.164,Rice
2024-07-14 01:50:00,100.532,45.557,85.568,81.683,6.891,26.248,Rice
2024-07-14 01:55:00,93.016,44.037,86.807,68.578,6.66,29.699,Rice
2024-07-14 02:00:00,88.535,49.135,86.145,73.551,6.877,30.09,Rice
2024-07-14 02:05:00,79.929,58.221,85.164,79.912,5.814,32.812,Rice
2024-07-14 02:10:00,90.533,60.156,100.308,72.489,6.317,24.924,Rice
2024-07-14 02:15:00,98.238,42.599,82.998,80.479,6.961,29.883,Rice
2024-07-14 02:20:00,81.981,42.054,81.394,80.667,6.065,28.726,Rice
2024-07-14 02:25:00,119.784,55.619,95.338,77.067,7.172,34.177,Rice
2024-07-14 02:30:00,92.203,50.829,95.466,86.067,6.665,31.913,Rice
2024-07-14 02:35:00,115.62,48.592,93.569,77.17,6.206,27.928,Rice
2024-07-14 02:40:00,109.652,43.637,98.185,81.064,6.968,29.568,Rice
2024-07-14 02:45:00,102.612,57.174,79.628,78.67,6.302,34.677,Rice
2024-07-14 02:50:00,84.8,50.894,91.826,72.38,6.951,26.169,Rice
2024-07-14 02:55:00,108.717,57.325,92.109,71.107,6.798,36.007,Rice
2024-07-14 03:00:00,98.179,40.466,86.525,76.768,6.921,32.503,Rice
2024-07-14 03:05:00,114.72,40.69,94.702,81.295,6.192,26.954,Rice
2024-07-14 03:10:00,102.643,46.538,85.09,87.443,6.715,24.243,Rice
2024-07-14 03:15:00,96.064,44.042,93.136,89.743,6.474,33.412,Rice
2024-07-14 03:20:00,123.605,43.985,85.762,81.901,6.883,30.607,Rice
2024-07-14 03:25:00,105.403,58.167,82.906,71.835,6.312,31.233,Rice
2024-07-14 03:30:00,115.6,43.171,86.54,85.057,6.686,25.184,Rice
2024-07-14 03:35:00,100.067,51.264,100.271,90.073,7.124,32.291,Rice
2024-07-14 03:40:00,106.856,43.516,91.32,85.878,6.552,26.31,Rice
2024-07-14 03:45:00,95.621,46.194,89.564,82.587,6.582,31.068,Rice
2024-07-14 03:50:00,120.842,49.136,83.032,74.636,6.349,27.379,Rice
2024-07-14 03:55:00,118.322,40.176,91.805,88.545,6.477,27.907,Rice
2024-07-14 04:00:00,111.689,55.46,86.295,70.257,6.748,28.265,Rice
2024-07-14 04:05:00,120.675,51.232,86.309,89.01,6.44,29.56,Rice
2024-07-14 04:10:00,89.69,59.983,88.112,74.955,6.338,24.101,Rice
2024-07-14 04:15:00,91.571,55.111,87.705,76.808,7.008,25.552,Rice
2024-07-14 04:20:00,106.977,44.319,80.867,81.396,6.335,29.351,Rice
2024-07-14 04:25:00,90.039,59.56,98.799,76.001,5.952,31.611,Rice
2024-07-14 04:30:00,88.256,51.193,87.929,86.03,6.007,31.098,Rice
2024-07-14 04:35:00,99.851,57.274,99.561,77.336,6.896,26.779,Rice
2024-07-14 04:40:00,82.179,45.871,91.568,74.282,6.104,34.807,Rice
2024-07-14 04:45:00,86.779,41.635,97.25,80.828,6.282,28.333,Rice
2024-07-14 04:50:00,105.67,52.262,89.787,71.772,6.25,29.885,Rice
2024-07-14 04:55:00,81.297,53.885,90.784,79.909,6.788,31.541,Rice
2024-07-14 05:00:00,115.217,48.723,92.253,80.689,6.245,34.951,Rice
2024-07-14 05:05:00,113.627,46.199,82.881,76.176,6.65,34.343,Rice
2024-07-14 05:10:00,117.88,51.09,96.631,81.039,6.146,30.426,Rice
2024-07-14 05:15:00,117.761,44.258,83.205,74.916,6.804,28.952,Rice
2024-07-14 05:20:00,108.55,55.241,81.271,84.578,6.907,27.152,Rice
2024-07-14 05:25:00,114.465,49.997,85.999,87.118,6.257,30.86,Rice
2024-07-14 05:30:00,111.441,57.791,82.811,88.593,6.991,26.776,Rice
2024-07-14 05:35:00,115.447,57.239,89.245,73.358,6.238,28.776,Rice
2024-07-14 05:40:00,99.239,53.13,90.912,81.693,6.232,31.182,Rice
2024-07-14 05:45:00,94.313,46.234,85.153,72.564,6.038,27.838,Rice
2024-07-14 05:50:00,86.751,38.995,99.547,89.676,6.676,29.671,Rice
2024-07-14 05:55:00,108.762,49.237,89.855,84.997,6.687,27.529,Rice
2024-07-14 06:00:00,95.074,50.899,89.631,75.869,6.583,30.984,Rice
2024-07-14 06:05:00,111.606,59.05,85.127,79.449,6.747,32.539,Rice
2024-07-14 06:10:00,102.001,57.773,92.172,82.821,5.958,25.378,Rice
2024-07-14 06:15:00,114.145,55.636,88.79,82.888,6.157,30.226,Rice
2024-07-14 06:20:00,113.197,60.469,85.54,81.348,6.554,31.389,Rice
2024-07-14 06:25:00,111.874,50.637,95.314,79.626,6.027,24.995,Rice
2024-07-14 06:30:00,93.459,42.982,99.171,90.014,6.057,28.936,Rice
2024-07-14 06:35:00,83.616,56.095,95.805,76.501,6.834,31.091,Rice
2024-07-14 06:40:00,97.145,47.71,94.286,83.489,6.266,24.961,Rice
2024-07-14 06:45:00,98.949,56.751,98.222,75.171,6.854,27.815,Rice
2024-07-14 06:50:00,95.664,39.327,84.863,75.892,6.605,25.687,Rice
2024-07-14 06:55:00,93.242,54.943,87.254,71.772,6.719,28.678,Rice
2024-07-14 07:00:00,100.245,52.97,80.78,76.992,6.002,36.117,Rice
2024-07-14 07:05:00,94.821,40.279,94.126,77.251,6.26,29.296,Rice
2024-07-14 07:10:00,87.718,54.349,89.572,71.603,6.111,27.97,Rice
2024-07-14 07:15:00,98.833,54.442,93.997,73.852,6.197,34.642,Rice
2024-07-14 07:20:00,109.067,42.552,81.776,71.56,6.26,30.029,Rice
2024-07-14 07:25:00,108.586,45.398,101.72,86.601,6.37,34.926,Rice
2024-07-14 07:30:00,115.707,47.934,95.74,73.135,6.069,26.677,Rice
2024-07-14 07:35:00,118.458,53.482,91.871,90.574,6.436,34.837,Rice
2024-07-14 07:40:00,98.701,55.131,85.447,88.905,6.221,35.131,Rice
2024-07-14 07:45:00,90.441,55.744,84.899,71.595,6.175,32.938,Rice
2024-07-14 07:50:00,107.566,58.513,84.818,83.736,6.146,28.163,Rice
2024-07-14 07:55:00,81.964,56.0,86.539,74.543,7.004,33.965,Rice
2024-07-14 08:00:00,102.873,40.603,88.273,74.479,6.193,28.18,Rice
2024-07-14 08:05:00,100.452,50.276,87.391,73.169,6.962,33.102,Rice
2024-07-14 08:10:00,105.587,58.417,86.892,78.233,6.151,25.061,Rice
2024-07-14 08:15:00,117.905,47.132,87.288,83.42,6.691,27.029,Rice
2024-07-14 08:20:00,110.082,59.575,83.904,91.577,6.268,28.937,Rice
2024-07-14 08:25:00,107.16,51.111,90.409,86.313,7.055,34.756,Rice
2024-07-14 08:30:00,90.503,56.9,97.074,78.783,6.432,28.761,Rice
2024-07-14 08:35:00,95.68,55.448,82.845,77.486,6.283,31.905,Rice
2024-07-14 08:40:00,80.647,53.265,93.287,72.666,6.551,26.091,Rice
2024-07-14 08:45:00,106.494,52.499,84.655,81.004,5.977,33.129,Rice
2024-07-14 08:50:00,110.969,44.906,94.861,85.763,6.591,32.157,Rice
2024-07-14 08:55:00,100.788,53.233,97.575,81.091,6.175,28.113,Rice
2024-07-14 09:00:00,84.264,40.246,92.343,88.379,6.852,28.387,Rice
2024-07-14 09:05:00,105.926,46.048,87.696,77.588,6.956,27.004,Rice
2024-07-14 09:10:00,91.591,56.852,94.201,77.687,6.516,32.963,Rice
2024-07-14 09:15:00,103.451,49.334,88.447,81.116,6.979,30.621,Rice
2024-07-14 09:20:00,88.722,57.269,91.934,79.381,6.24,28.445,Rice
2024-07-14 09:25:00,89.622,48.922,86.037,71.809,6.588,29.584,Rice
2024-07-14 09:30:00,104.887,57.988,80.69,79.641,6.415,30.571,Rice
2024-07-14 09:35:00,117.352,51.679,84.067,72.526,6.469,31.426,Rice
2024-07-14 09:40:00,95.6,43.489,91.179,84.789,6.47,28.392,Rice
2024-07-14 09:45:00,97.441,55.953,97.171,90.666,6.773,33.662,Rice
2024-07-14 09:50:00,96.826,44.068,92.603,82.413,6.113,25.595,Rice
2024-07-14 09:55:00,78.738,59.23,97.575,89.71,6.922,28.804,Rice
2024-07-14 10:00:00,90.86,43.691,94.227,89.924,6.846,34.317,Rice
2024-07-14 10:05:00,97.782,41.836,94.65,76.331,6.632,27.555,Rice
2024-07-14 10:10:00,100.02,48.325,80.396,90.271,6.367,36.979,Rice
2024-07-14 10:15:00,84.594,40.865,93.681,73.132,6.261,33.148,Rice
2024-07-14 10:20:00,103.177,57.395,95.322,74.552,6.885,33.993,Rice
2024-07-14 10:25:00,111.414,43.59,97.487,75.074,6.423,27.462,Rice
2024-07-14 10:30:00,93.718,51.934,97.38,85.581,6.331,33.784,Rice
2024-07-14 10:35:00,85.3,47.286,87.031,71.606,5.785,32.111,Rice
2024-07-14 10:40:00,84.793,50.499,82.754,84.089,6.226,32.427,Rice
2024-07-14 10:45:00,116.659,47.412,82.747,81.735,6.802,33.614,Rice
2024-07-14 10:50:00,83.1,46.561,94.097,85.016,6.151,30.074,Rice
2024-07-14 10:55:00,116.622,44.675,79.65,69.827,6.825,31.453,Rice
2024-07-14 11:00:00,113.973,48.317,83.593,80.73,6.717,30.588,Rice
2024-07-14 11:05:00,110.457,52.964,82.834,77.222,6.981,27.818,Rice
2024-07-14 11:10:00,93.378,41.943,89.5,81.457,6.386,28.571,Rice
2024-07-14 11:15:00,92.982,52.536,80.484,80.358,6.197,32.424,Rice
2024-07-14 11:20:00,99.525,59.606,83.683,76.101,6.212,31.958,Rice
2024-07-14 11:25:00,98.269,44.637,89.04,74.675,6.842,32.636,Rice
2024-07-14 11:30:00,85.589,51.619,94.194,71.917,6.545,32.547,Rice
2024-07-14 11:35:00,95.72,53.679,92.067,82.485,6.951,24.926,Rice
2024-07-14 11:40:00,80.668,50.494,97.141,75.808,6.62,30.654,Rice
2024-07-14 11:45:00,103.617,47.421,92.002,79.425,6.268,29.446,Rice
2024-07-14 11:50:00,110.18,55.874,83.559,81.262,6.507,32.715,Rice
2024-07-14 11:55:00,109.297,52.983,81.788,74.614,6.558,30.452,Rice
2024-07-14 12:00:00,108.996,53.348,90.419,81.207,6.485,29.181,Rice
2024-07-14 12:05:00,114.008,56.795,95.106,82.63,6.528,28.62,Rice
2024-07-14 12:10:00,111.97,48.379,89.057,82.189,6.556,35.249,Rice
2024-07-14 12:15:00,106.617,47.487,91.6,75.175,6.49,32.641,Rice
2024-07-14 12:20:00,117.956,43.697,87.461,70.303,6.821,28.726,Rice
2024-07-14 12:25:00,93.753,39.772,81.263,73.885,6.69,29.482,Rice
2024-07-14 12:30:00,93.499,51.499,97.681,84.7,6.697,31.468,Rice
2024-07-14 12:35:00,113.33,40.861,96.906,72.242,6.893,30.855,Rice
2024-07-14 12:40:00,88.977,59.483,98.291,89.47,6.926,27.92,Rice
2024-07-14 12:45:00,109.551,56.531,92.043,79.355,6.529,31.722,Rice
2024-07-14 12:50:00,99.48,53.118,81.339,78.71,6.718,34.165,Rice
2024-07-14 12:55:00,108.392,42.682,92.203,69.685,6.443,30.873,Rice
2024-07-14 13:00:00,103.474,45.256,95.323,71.449,7.224,27.571,Rice
2024-07-14 13:05:00,84.4,42.761,83.51,77.323,6.44,34.916,Rice
2024-07-14 13:10:00,93.181,48.164,92.06,72.471,6.345,30.314,Rice
2024-07-14 13:15:00,100.248,45.065,85.681,89.635,6.531,36.865,Rice
2024-07-14 13:20:00,91.008,47.67,84.334,70.939,6.689,28.098,Rice
2024-07-14 13:25:00,82.052,44.9,95.229,76.885,6.356,29.052,Rice
2024-07-14 13:30:00,89.4,48.45,87.643,82.572,6.674,31.232,Rice
2024-07-14 13:35:00,90.775,54.443,79.288,70.886,6.553,34.314,Rice
2024-07-14 13:40:00,91.516,52.276,83.158,71.321,6.644,33.209,Rice
2024-07-14 13:45:00,80.8,46.677,85.939,80.98,6.155,35.511,Rice
2024-07-14 13:50:00,87.839,48.973,82.186,83.698,6.633,30.876,Rice
2024-07-14 13:55:00,112.768,52.044,84.564,77.06,6.148,32.697,Rice
2024-07-14 14:00:00,105.458,53.342,97.447,82.409,6.473,30.547,Rice
2024-07-14 14:05:00,86.955,41.037,93.483,79.487,6.289,26.71,Rice
2024-07-14 14:10:00,100.893,44.197,81.07,84.022,6.924,24.032,Rice
2024-07-14 14:15:00,93.129,52.043,81.372,74.061,6.192,30.429,Rice
2024-07-14 14:20:00,110.395,54.715,91.061,70.076,6.188,28.962,Rice
2024-07-14 14:25:00,93.893,41.123,83.659,85.969,6.677,33.835,Rice
2024-07-14 14:30:00,105.289,47.044,94.426,76.757,6.97,29.758,Rice
2024-07-14 14:35:00,96.229,49.511,89.056,72.708,6.289,25.489,Rice
2024-07-14 14:40:00,114.648,62.12,85.032,80.431,6.411,33.65,Rice
2024-07-14 14:45:00,92.921,60.483,98.179,90.855,6.28,31.091,Rice
2024-07-14 14:50:00,106.538,55.825,88.337,82.31,6.023,31.517,Rice
2024-07-14 14:55:00,106.799,47.857,79.057,70.345,6.702,33.326,Rice
2024-07-14 15:00:00,91.434,52.523,96.488,78.964,6.466,33.06,Rice
2024-07-14 15:05:00,110.232,57.405,93.312,71.772,6.89,32.159,Rice
2024-07-14 15:10:00,95.265,40.956,79.198,87.211,6.487,32.451,Rice
2024-07-14 15:15:00,116.88,60.681,89.612,88.232,6.32,32.199,Rice
2024-07-14 15:20:00,105.184,55.763,93.027,85.685,6.977,29.962,Rice
2024-07-14 15:25:00,83.932,45.783,86.824,86.503,6.913,30.09,Rice
2024-07-14 15:30:00,102.635,58.927,92.148,73.654,6.496,27.066,Rice
2024-07-14 15:35:00,89.13,57.462,90.683,77.169,6.739,28.638,Rice
2024-07-14 15:40:00,80.063,56.538,85.696,74.904,6.636,25.077,Rice
2024-07-14 15:45:00,94.598,47.969,87.807,86.769,6.302,33.223,Rice
2024-07-14 15:50:00,114.012,43.947,85.056,71.872,6.65,31.034,Rice
2024-07-14 15:55:00,99.451,59.362,96.542,79.119,6.828,29.739,Rice
2024-07-14 16:00:00,108.471,40.392,84.875,80.27,6.652,26.05,Rice
2024-07-14 16:05:00,89.335,48.154,99.169,80.732,6.181,33.255,Rice
2024-07-14 16:10:00,106.048,41.594,98.286,77.576,6.917,28.297,Rice
2024-07-14 16:15:00,85.133,46.38,99.789,73.041,6.538,32.721,Rice
2024-07-14 16:20:00,110.826,45.704,81.174,77.057,6.721,24.398,Rice
2024-07-14 16:25:00,108.066,48.478,91.363,77.157,6.394,33.212,Rice
2024-07-14 16:30:00,78.357,59.275,82.25,82.851,6.8,26.961,Rice
2024-07-14 16:35:00,91.614,40.576,94.315,84.175,6.463,27.818,Rice
2024-07-14 16:40:00,77.369,58.104,83.519,82.735,6.158,28.495,Rice
2024-07-14 16:45:00,107.504,42.547,93.667,72.755,6.367,28.331,Rice
2024-07-14 16:50:00,92.518,52.33,89.08,73.49,6.292,34.85,Rice
2024-07-14 16:55:00,99.806,51.441,84.595,70.128,6.538,26.876,Rice
2024-07-14 17:00:00,88.513,43.795,88.002,77.833,6.764,35.361,Rice
2024-07-14 17:05:00,85.057,58.79,85.208,86.716,6.379,29.883,Rice
2024-07-14 17:10:00,118.557,51.124,88.318,71.216,6.243,28.639,Rice
2024-07-14 17:15:00,87.644,59.262,96.456,87.124,6.146,26.303,Rice
2024-07-14 17:20:00,98.692,54.898,80.079,86.239,7.066,25.684,Rice
2024-07-14 17:25:00,102.119,43.964,96.992,87.51,6.875,27.7,Rice
2024-07-14 17:30:00,87.818,46.809,87.279,70.836,6.375,35.626,Rice
2024-07-14 17:35:00,85.576,45.354,87.78,75.097,6.395,34.504,Rice
2024-07-14 17:40:00,96.006,60.055,88.466,72.162,6.532,34.679,Rice
2024-07-14 17:45:00,99.915,49.934,88.55,83.14,6.732,28.665,Rice
2024-07-14 17:50:00,86.34,41.394,83.469,74.156,6.574,27.952,Rice
2024-07-14 17:55:00,89.336,55.967,80.101,82.78,6.959,31.778,Rice
2024-07-14 18:00:00,97.603,43.972,88.82,89.229,6.292,27.332,Rice
2024-07-14 18:05:00,101.678,47.898,86.196,88.415,6.991,34.269,Rice
2024-07-14 18:10:00,97.726,46.005,82.56,75.506,6.15,33.678,Rice
2024-07-14 18:15:00,100.904,53.304,90.246,89.475,6.945,33.882,Rice
2024-07-14 18:20:00,114.32,54.861,81.818,86.938,6.219,27.915,Rice
2024-07-14 18:25:00,98.855,49.88,95.343,72.261,6.108,31.248,Rice
2024-07-14 18:30:00,105.65,41.834,86.7,81.674,6.199,28.992,Rice
2024-07-14 18:35:00,116.499,58.451,84.379,71.373,6.462,31.591,Rice
2024-07-14 18:40:00,79.249,43.801,91.327,78.151,6.312,26.099,Rice
2024-07-14 18:45:00,84.108,42.817,93.564,82.937,6.241,33.448,Rice
2024-07-14 18:50:00,122.238,40.459,97.737,81.21,6.308,26.133,Rice
2024-07-14 18:55:00,84.972,40.555,92.183,74.726,6.708,31.934,Rice
2024-07-14 19:00:00,97.469,46.49,98.396,86.79,6.275,30.231,Rice
2024-07-14 19:05:00,111.123,45.614,87.999,87.888,6.64,33.249,Rice
2024-07-14 19:10:00,118.845,46.406,92.737,80.662,5.907,29.517,Rice
2024-07-14 19:15:00,108.797,51.218,95.4,70.491,6.476,27.197,Rice
2024-07-14 19:20:00,90.023,43.383,83.217,81.814,6.651,31.011,Rice
2024-07-14 19:25:00,94.219,54.77,93.538,77.158,6.92,30.766,Rice
2024-07-14 19:30:00,89.613,53.823,94.359,86.067,6.748,25.028,Rice
2024-07-14 19:35:00,85.145,50.243,79.4,75.792,6.344,27.965,Rice
2024-07-14 19:40:00,99.884,49.944,91.622,82.127,6.162,32.845,Rice
2024-07-14 19:45:00,79.16,48.421,79.281,71.7,5.952,26.789,Rice
2024-07-14 19:50:00,113.081,41.188,95.953,72.12,6.408,27.164,Rice
2024-07-14 19:55:00,111.938,59.208,95.459,88.001,6.556,33.556,Rice
2024-07-14 20:00:00,88.435,44.497,85.309,79.488,5.984,27.996,Rice
2024-07-14 20:05:00,81.108,55.722,81.234,85.006,6.699,25.929,Rice
2024-07-14 20:10:00,103.977,49.104,79.225,80.443,6.588,30.797,Rice
2024-07-14 20:15:00,87.075,47.287,90.785,82.503,6.849,25.976,Rice
2024-07-14 20:20:00,93.205,56.482,89.803,79.231,6.713,32.159,Rice
2024-07-14 20:25:00,92.942,49.333,93.894,82.382,6.245,26.351,Rice
2024-07-14 20:30:00,98.923,51.259,97.817,90.416,6.863,27.869,Rice
2024-07-14 20:35:00,120.081,57.265,87.78,80.736,6.973,33.444,Rice
2024-07-14 20:40:00,92.45,50.478,89.466,81.748,6.638,34.991,Rice
2024-07-14 20:45:00,91.575,42.899,99.301,86.441,6.169,30.987,Rice
2024-07-14 20:50:00,107.987,49.085,99.303,84.243,6.482,30.157,Rice
2024-07-14 20:55:00,79.463,60.507,99.888,85.028,6.622,28.983,Rice
2024-07-14 21:00:00,96.86,50.43,97.22,82.639,6.918,35.259,Rice
2024-07-14 21:05:00,110.413,50.924,89.635,75.826,6.799,34.132,Rice
2024-07-14 21:10:00,91.044,51.276,93.645,73.365,6.8,31.215,Rice
2024-07-14 21:15:00,93.407,51.79,81.736,86.592,6.677,31.886,Rice
2024-07-14 21:20:00,86.382,54.465,95.712,86.159,6.559,34.812,Rice
2024-07-14 21:25:00,103.26,50.68,91.935,72.994,6.348,32.582,Rice
2024-07-14 21:30:00,107.483,47.858,83.251,74.003,6.369,24.37,Rice
2024-07-14 21:35:00,89.232,54.225,85.639,83.746,6.859,35.404,Rice
2024-07-14 21:40:00,90.078,51.344,84.693,85.326,6.872,33.958,Rice
2024-07-14 21:45:00,78.76,55.423,82.204,80.819,6.355,28.62,Rice
2024-07-14 21:50:00,120.605,54.513,81.085,89.384,6.384,28.061,Rice
2024-07-14 21:55:00,90.441,55.08,88.296,80.001,6.424,30.359,Rice
2024-07-14 22:00:00,106.258,55.748,99.683,88.66,6.423,30.912,Rice
2024-07-14 22:05:00,89.68,43.242,92.133,73.778,6.906,25.467,Rice
2024-07-14 22:10:00,89.876,45.501,94.277,78.143,6.27,25.046,Rice
2024-07-14 22:15:00,106.96,42.63,99.727,88.389,6.954,27.441,Rice
2024-07-14 22:20:00,120.488,42.771,91.197,82.529,6.852,32.609,Rice
2024-07-14 22:25:00,100.675,50.966,87.353,87.743,6.779,32.847,Rice
2024-07-14 22:30:00,86.51,42.255,86.005,84.962,6.599,25.042,Rice
2024-07-14 22:35:00,106.281,58.956,94.943,77.272,6.06,25.808,Rice
2024-07-14 22:40:00,117.415,40.252,95.651,82.217,5.949,30.835,Rice
2024-07-14 22:45:00,109.13,56.258,93.768,81.389,6.133,29.566,Rice
2024-07-14 22:50:00,98.482,53.789,83.316,86.437,6.584,32.29,Rice
2024-07-14 22:55:00,93.93,48.662,91.244,82.948,6.712,35.285,Rice
2024-07-14 23:00:00,88.299,41.595,100.216,83.158,6.776,26.119,Rice
2024-07-14 23:05:00,102.209,49.944,83.133,80.917,6.758,34.625,Rice
2024-07-14 23:10:00,82.874,59.391,86.786,84.629,6.31,29.927,Rice
2024-07-14 23:15:00,97.274,43.012,99.266,88.573,6.72,34.075,Rice
2024-07-14 23:20:00,103.149,54.544,95.81,77.642,6.93,33.594,Rice
2024-07-14 23:25:00,110.873,49.567,86.208,82.12,5.967,29.54,Rice
2024-07-14 23:30:00,106.81,44.179,76.961,75.372,6.506,27.405,Rice
2024-07-14 23:35:00,92.375,50.195,94.957,89.315,6.45,33.559,Rice
2024-07-14 23:40:00,86.12,48.757,91.818,70.231,6.349,33.641,Rice
2024-07-14 23:45:00,90.691,41.725,87.599,87.836,6.086,31.726,Rice
2024-07-14 23:50:00,113.196,47.106,92.221,86.203,6.095,27.369,Rice
2024-07-14 23:55:00,107.436,42.869,82.541,83.8,6.278,32.243,Rice
2024-07-15 00:00:00,95.128,45.493,80.764,79.891,6.318,30.214,Rice
2024-07-15 00:05:00,106.992,42.678,98.937,89.818,6.407,30.605,Rice
2024-07-15 00:10:00,98.134,54.879,97.899,81.614,6.92,23.974,Rice
2024-07-15 00:15:00,115.439,46.408,98.135,86.733,6.658,27.318,Rice
2024-07-15 00:20:00,99.725,54.496,90.555,79.522,6.948,32.22,Rice
2024-07-15 00:25:00,113.91,47.772,97.381,87.423,5.98,25.971,Rice
2024-07-15 00:30:00,106.226,39.925,88.862,83.266,6.305,32.248,Rice
2024-07-15 00:35:00,114.427,44.734,92.751,90.853,6.699,30.492,Rice
2024-07-15 00:40:00,112.333,41.083,99.692,85.593,6.803,32.702,Rice
2024-07-15 00:45:00,116.942,45.073,83.886,90.248,6.242,31.807,Rice
2024-07-15 00:50:00,82.736,56.478,92.181,70.992,6.536,32.618,Rice
2024-07-15 00:55:00,91.996,53.229,95.178,78.922,6.745,31.062,Rice
2024-07-15 01:00:00,112.06,45.538,87.978,75.015,6.514,32.655,Rice
2024-07-15 01:05:00,107.099,44.848,85.843,82.494,6.514,26.598,Rice
2024-07-15 01:10:00,98.438,47.648,84.697,71.446,6.303,31.322,Rice
2024-07-15 01:15:00,117.636,47.849,96.439,76.98,6.147,30.653,Rice
2024-07-15 01:20:00,100.433,47.573,95.979,72.338,6.332,32.879,Rice
2024-07-15 01:25:00,92.063,43.265,100.151,82.131,6.258,28.321,Rice
2024-07-15 01:30:00,100.353,53.721,83.335,89.651,5.911,24.551,Rice
2024-07-15 01:35:00,85.519,41.3,89.913,75.759,6.828,33.195,Rice
2024-07-15 01:40:00,83.432,45.613,88.69,75.661,6.245,32.971,Rice
2024-07-15 01:45:00,96.974,46.535,96.297,73.403,6.185,26.934,Rice
2024-07-15 01:50:00,99.048,53.093,86.136,76.467,6.432,27.71,Rice
2024-07-15 01:55:00,84.615,44.682,97.72,89.638,6.778,31.877,Rice
2024-07-15 02:00:00,98.798,43.069,98.586,88.717,6.331,32.835,Rice
2024-07-15 02:05:00,90.268,48.591,96.426,80.684,5.946,32.824,Rice
2024-07-15 02:10:00,89.56,40.464,87.224,83.52,6.226,34.098,Rice
2024-07-15 02:15:00,114.366,39.949,94.438,87.801,6.5,25.006,Rice
2024-07-15 02:20:00,103.93,52.8,98.687,76.752,6.755,34.552,Rice
2024-07-15 02:25:00,98.022,54.652,79.561,88.343,6.49,27.143,Rice
2024-07-15 02:30:00,118.81,52.343,84.381,82.639,6.646,27.336,Rice
2024-07-15 02:35:00,96.179,43.185,89.896,77.226,6.469,29.58,Rice
2024-07-15 02:40:00,82.508,51.896,83.548,76.245,6.156,25.931,Rice
2024-07-15 02:45:00,85.489,39.381,83.8,75.186,6.141,29.127,Rice
2024-07-15 02:50:00,94.459,55.005,80.608,80.927,6.537,27.292,Rice
2024-07-15 02:55:00,104.986,53.041,88.966,71.109,6.878,29.07,Rice
2024-07-15 03:00:00,94.337,59.866,89.038,77.246,6.775,28.484,Rice
2024-07-15 03:05:00,105.683,52.541,89.609,88.216,6.883,34.736,Rice
2024-07-15 03:10:00,109.487,51.005,87.369,78.204,6.761,33.131,Rice
2024-07-15 03:15:00,113.304,47.171,100.194,78.922,7.019,25.812,Rice
2024-07-15 03:20:00,85.376,50.742,95.912,75.975,7.018,27.661,Rice
2024-07-15 03:25:00,93.093,57.931,87.997,75.749,6.411,32.313,Rice
2024-07-15 03:30:00,112.863,55.728,83.554,73.37,6.234,28.046,Rice
2024-07-15 03:35:00,106.039,44.16,86.318,80.768,6.79,27.215,Rice
2024-07-15 03:40:00,93.122,53.556,88.385,70.434,6.316,27.565,Rice
2024-07-15 03:45:00,91.204,58.457,89.204,82.723,6.316,32.221,Rice
2024-07-15 03:50:00,117.896,48.136,85.408,83.27,6.629,25.548,Rice
2024-07-15 03:55:00,115.36,53.454,93.311,74.846,6.371,31.95,Rice
2024-07-15 04:00:00,92.851,48.912,89.632,88.393,6.274,30.375,Rice
2024-07-15 04:05:00,96.272,45.24,94.644,77.089,6.166,25.663,Rice
2024-07-15 04:10:00,74.366,58.917,88.158,81.328,6.764,31.663,Rice
2024-07-15 04:15:00,120.057,50.872,97.81,80.053,6.12,27.632,Rice
2024-07-15 04:20:00,87.184,45.242,83.183,85.48,6.521,35.079,Rice
2024-07-15 04:25:00,97.568,50.605,84.721,73.24,6.61,33.97,Rice
2024-07-15 04:30:00,100.712,59.627,87.928,86.856,6.554,29.739,Rice
2024-07-15 04:35:00,88.081,41.746,86.488,73.379,6.828,32.568,Rice
2024-07-15 04:40:00,92.912,60.075,84.578,87.179,6.464,28.442,Rice
2024-07-15 04:45:00,105.454,59.647,100.091,74.753,6.201,33.56,Rice
2024-07-15 04:50:00,111.706,41.258,92.825,75.532,6.471,31.407,Rice
2024-07-15 04:55:00,121.645,41.719,94.422,87.961,6.598,34.115,Rice
2024-07-15 05:00:00,90.917,41.7,91.925,75.693,6.137,31.878,Rice
2024-07-15 05:05:00,109.987,48.94,87.218,82.888,6.152,33.635,Rice
2024-07-15 05:10:00,103.114,42.442,81.008,89.251,6.878,25.6,Rice
2024-07-15 05:15:00,98.504,41.171,94.667,87.366,6.055,33.044,Rice
2024-07-15 05:20:00,98.443,58.19,90.418,72.258,6.464,28.0,Rice
2024-07-15 05:25:00,103.676,39.873,94.257,72.615,6.177,25.749,Rice
2024-07-15 05:30:00,90.023,39.292,93.576,87.205,6.842,33.49,Rice
2024-07-15 05:35:00,96.596,49.151,85.546,71.775,5.874,30.285,Rice
2024-07-15 05:40:00,82.508,50.683,94.688,89.629,6.19,25.001,Rice
2024-07-15 05:45:00,101.048,44.784,83.269,80.676,6.938,29.264,Rice
2024-07-15 05:50:00,112.026,48.631,89.601,74.563,6.209,35.681,Rice
2024-07-15 05:55:00,100.574,53.434,98.719,80.193,6.777,28.066,Rice
2024-07-15 06:00:00,108.459,55.711,96.703,70.975,6.114,26.999,Rice
2024-07-15 06:05:00,87.846,52.52,83.038,85.928,7.082,30.477,Rice
2024-07-15 06:10:00,114.583,50.699,98.53,85.452,7.019,26.474,Rice
2024-07-15 06:15:00,95.474,40.646,94.551,76.301,6.731,32.219,Rice
2024-07-15 06:20:00,111.391,50.982,84.903,77.428,6.178,29.975,Rice
2024-07-15 06:25:00,86.517,56.676,79.9,73.63,6.169,25.837,Rice
2024-07-15 06:30:00,86.434,59.811,92.663,75.749,6.636,33.519,Rice
2024-07-15 06:35:00,115.289,55.369,96.106,89.528,6.469,30.592,Rice
2024-07-15 06:40:00,82.923,55.665,82.723,75.503,6.742,33.037,Rice
2024-07-15 06:45:00,116.092,46.727,96.198,79.978,6.474,28.989,Rice
2024-07-15 06:50:00,80.026,60.068,89.315,78.452,6.783,32.13,Rice
2024-07-15 06:55:00,104.77,42.717,93.481,76.168,6.014,28.611,Rice
2024-07-15 07:00:00,85.021,49.943,89.683,79.558,6.743,30.2,Rice
2024-07-15 07:05:00,79.113,47.059,86.262,80.817,6.822,31.524,Rice
2024-07-15 07:10:00,123.017,55.011,100.52,83.454,6.725,28.202,Rice
2024-07-15 07:15:00,96.771,53.695,99.564,87.686,6.141,28.4,Rice
2024-07-15 07:20:00,114.746,44.679,80.32,90.548,6.538,31.93,Rice
2024-07-15 07:25:00,96.591,45.588,95.091,82.711,6.301,29.947,Rice
2024-07-15 07:30:00,115.312,57.424,86.425,70.798,6.418,30.002,Rice
2024-07-15 07:35:00,115.517,43.909,89.398,82.709,6.119,24.165,Rice
2024-07-15 07:40:00,108.186,52.316,95.995,87.901,6.176,27.401,Rice
2024-07-15 07:45:00,91.446,41.357,89.922,71.189,6.649,33.344,Rice
2024-07-15 07:50:00,86.174,48.9,97.818,80.902,6.112,25.015,Rice
2024-07-15 07:55:00,80.446,54.266,91.634,78.866,7.047,26.549,Rice
2024-07-15 08:00:00,104.262,61.892,93.191,87.39,7.02,29.722,Rice
2024-07-15 08:05:00,110.225,42.428,98.296,70.999,6.095,29.866,Rice
2024-07-15 08:10:00,114.863,55.511,94.878,81.413,6.218,31.547,Rice
2024-07-15 08:15:00,81.331,50.372,98.628,78.973,6.386,28.644,Rice
2024-07-15 08:20:00,103.846,51.777,97.112,71.277,6.732,32.256,Rice
2024-07-15 08:25:00,104.673,48.336,90.668,87.294,6.273,35.143,Rice
2024-07-15 08:30:00,93.608,52.153,85.13,71.623,7.048,29.118,Rice
2024-07-15 08:35:00,111.889,56.083,85.135,84.789,6.21,25.158,Rice
2024-07-15 08:40:00,105.57,46.467,89.708,84.692,6.613,34.869,Rice
2024-07-15 08:45:00,97.664,53.345,90.51,86.839,6.762,30.818,Rice
2024-07-15 08:50:00,118.456,53.746,98.981,74.913,6.974,25.992,Rice
2024-07-15 08:55:00,98.117,58.71,97.875,84.268,6.718,31.825,Rice
2024-07-15 09:00:00,89.831,55.707,84.004,87.302,5.935,35.09,Rice
2024-07-15 09:05:00,103.609,40.789,96.638,71.055,6.292,32.214,Rice
2024-07-15 09:10:00,105.756,58.55,82.257,85.755,6.685,25.632,Rice
2024-07-15 09:15:00,92.306,53.592,95.594,76.822,6.019,32.103,Rice
2024-07-15 09:20:00,102.557,42.605,98.283,78.363,6.273,27.729,Rice
2024-07-15 09:25:00,88.85,46.895,90.278,73.475,6.56,27.766,Rice
2024-07-15 09:30:00,82.839,46.083,88.524,82.87,6.809,26.67,Rice
2024-07-15 09:35:00,87.799,48.836,94.831,72.297,6.762,30.219,Rice
2024-07-15 09:40:00,89.829,52.324,92.843,76.159,6.129,30.759,Rice
2024-07-15 09:45:00,100.778,44.316,81.176,87.385,6.646,30.343,Rice
2024-07-15 09:50:00,86.054,42.967,81.779,81.144,6.649,27.083,Rice
2024-07-15 09:55:00,92.577,51.54,83.822,70.779,6.919,33.71,Rice
2024-07-15 10:00:00,116.072,46.93,91.887,78.52,6.03,24.802,Rice
2024-07-15 10:05:00,105.835,43.673,92.553,81.539,6.739,33.952,Rice
2024-07-15 10:10:00,108.603,39.831,84.399,68.774,6.969,31.52,Rice
2024-07-15 10:15:00,95.184,53.905,86.568,74.729,6.401,30.269,Rice
2024-07-15 10:20:00,117.537,46.95,97.876,84.185,6.352,36.903,Rice
2024-07-15 10:25:00,117.911,43.722,91.755,87.768,6.244,31.05,Rice
2024-07-15 10:30:00,92.487,47.807,83.78,82.861,6.68,25.645,Rice
2024-07-15 10:35:00,123.49,55.746,89.118,81.105,6.595,28.335,Rice
2024-07-15 10:40:00,102.797,42.274,82.588,82.281,6.793,31.415,Rice
2024-07-15 10:45:00,112.064,58.114,85.193,79.235,6.98,31.898,Rice
2024-07-15 10:50:00,87.89,44.109,94.469,87.43,6.839,28.771,Rice
2024-07-15 10:55:00,96.452,43.156,95.297,81.22,6.393,29.789,Rice
2024-07-15 11:00:00,96.188,48.49,83.871,82.19,6.571,33.283,Rice
2024-07-15 11:05:00,105.603,45.084,92.971,77.85,6.581,32.799,Rice
2024-07-15 11:10:00,85.823,53.514,83.13,87.324,6.016,28.824,Rice
2024-07-15 11:15:00,87.504,40.497,97.165,87.302,6.145,32.972,Rice
2024-07-15 11:20:00,83.793,58.061,86.842,80.033,6.783,35.123,Rice
2024-07-15 11:25:00,90.794,57.654,98.085,79.176,6.043,30.171,Rice
2024-07-15 11:30:00,108.973,60.947,85.867,82.607,6.84,25.96,Rice
2024-07-15 11:35:00,105.718,47.07,96.108,80.904,6.184,36.126,Rice
2024-07-15 11:40:00,98.806,42.499,84.716,83.773,6.736,35.482,Rice
2024-07-15 11:45:00,97.163,43.951,80.861,71.24,6.268,28.737,Rice
2024-07-15 11:50:00,111.69,44.122,85.204,86.373,6.446,32.534,Rice
2024-07-15 11:55:00,108.035,45.303,99.177,72.408,6.317,27.517,Rice
2024-07-15 12:00:00,109.125,45.531,82.675,77.375,6.897,33.022,Rice
2024-07-15 12:05:00,108.666,56.016,90.282,81.341,6.89,23.635,Rice
2024-07-15 12:10:00,95.688,43.913,83.571,73.697,6.714,25.749,Rice
2024-07-15 12:15:00,98.994,40.2,89.11,74.207,6.805,30.456,Rice
2024-07-15 12:20:00,80.859,43.181,98.382,73.305,6.286,27.424,Rice
2024-07-15 12:25:00,86.701,46.351,85.273,81.944,6.321,36.135,Rice
2024-07-15 12:30:00,96.888,52.508,94.807,81.586,6.525,26.165,Rice
2024-07-15 12:35:00,102.479,49.363,88.638,89.955,6.315,28.817,Rice
2024-07-15 12:40:00,107.816,52.587,84.275,74.549,6.057,32.213,Rice
2024-07-15 12:45:00,93.928,56.055,90.595,87.35,6.159,29.436,Rice
2024-07-15 12:50:00,105.504,46.907,79.642,87.852,6.12,32.58,Rice
2024-07-15 12:55:00,101.824,48.545,81.138,89.098,6.816,25.249,Rice
2024-07-15 13:00:00,98.572,50.086,89.134,73.181,6.516,29.753,Rice
2024-07-15 13:05:00,80.266,39.771,80.176,73.879,6.631,29.799,Rice
2024-07-15 13:10:00,87.565,48.694,98.135,74.062,6.276,28.013,Rice
2024-07-15 13:15:00,112.412,49.788,97.13,75.31,6.017,27.119,Rice
2024-07-15 13:20:00,100.674,45.586,97.746,78.007,6.717,30.49,Rice
2024-07-15 13:25:00,109.036,51.415,95.951,82.365,6.328,31.468,Rice
2024-07-15 13:30:00,87.71,52.458,85.481,82.918,6.793,25.128,Rice
2024-07-15 13:35:00,119.349,56.59,90.151,87.864,6.592,29.504,Rice
2024-07-15 13:40:00,81.89,52.678,97.533,71.492,6.604,35.119,Rice
2024-07-15 13:45:00,81.206,46.368,81.267,87.017,6.252,36.659,Rice
2024-07-15 13:50:00,100.054,45.602,80.087,78.464,6.446,34.323,Rice
2024-07-15 13:55:00,104.72,54.388,87.859,77.582,6.436,31.59,Rice
2024-07-15 14:00:00,89.555,49.227,94.119,87.518,7.017,25.705,Rice
2024-07-15 14:05:00,83.817,52.262,85.437,81.573,6.958,29.285,Rice
2024-07-15 14:10:00,114.527,51.581,99.712,76.707,6.185,31.356,Rice
2024-07-15 14:15:00,115.561,56.622,97.923,87.017,6.57,35.146,Rice
2024-07-15 14:20:00,122.424,48.606,92.723,84.684,6.654,31.226,Rice
2024-07-15 14:25:00,96.09,56.208,99.574,78.579,6.534,26.934,Rice
2024-07-15 14:30:00,104.054,50.945,100.333,77.334,6.725,33.694,Rice
2024-07-15 14:35:00,87.638,44.696,86.782,76.196,7.077,31.178,Rice
2024-07-15 14:40:00,102.862,51.599,91.391,88.137,6.528,25.849,Rice
2024-07-15 14:45:00,111.058,44.459,89.507,82.303,6.498,33.299,Rice
2024-07-15 14:50:00,79.564,39.65,87.533,75.689,6.958,30.434,Rice
2024-07-15 14:55:00,88.348,47.652,83.218,81.054,6.011,26.764,Rice
2024-07-15 15:00:00,93.611,53.649,90.916,72.088,6.738,27.75,Rice
2024-07-15 15:05:00,122.396,47.263,96.643,80.616,6.736,28.349,Rice
2024-07-15 15:10:00,92.293,42.285,88.653,73.455,6.157,29.096,Rice
2024-07-15 15:15:00,104.358,47.365,86.891,73.221,6.271,25.578,Rice
2024-07-15 15:20:00,105.816,54.714,81.689,79.758,6.659,29.542,Rice
2024-07-15 15:25:00,87.776,42.311,93.113,74.564,6.622,27.757,Rice
2024-07-15 15:30:00,108.345,51.758,83.539,74.33,6.596,25.857,Rice
2024-07-15 15:35:00,95.768,43.164,97.274,83.41,6.497,31.839,Rice
2024-07-15 15:40:00,82.51,47.021,84.148,77.803,5.89,25.581,Rice
2024-07-15 15:45:00,113.216,54.415,85.147,72.5,6.238,26.583,Rice
2024-07-15 15:50:00,81.357,56.687,89.241,72.636,6.969,27.824,Rice
2024-07-15 15:55:00,115.314,42.703,88.147,79.973,6.024,27.803,Rice
2024-07-15 16:00:00,120.105,45.575,82.232,84.698,6.472,29.532,Rice
2024-07-15 16:05:00,99.709,54.739,83.225,85.904,6.35,31.639,Rice
2024-07-15 16:10:00,88.579,57.777,98.982,78.906,6.653,29.137,Rice
2024-07-15 16:15:00,83.114,49.697,85.164,72.151,6.108,28.911,Rice
2024-07-15 16:20:00,106.54,40.237,91.997,71.108,6.678,30.61,Rice
2024-07-15 16:25:00,111.266,52.7,78.694,72.49,6.199,29.202,Rice
2024-07-15 16:30:00,98.002,42.208,89.785,78.27,6.309,27.879,Rice
2024-07-15 16:35:00,118.529,55.455,89.524,77.274,6.919,31.818,Rice
2024-07-15 16:40:00,83.271,48.114,91.509,85.264,5.908,27.969,Rice
2024-07-15 16:45:00,107.959,47.857,80.43,74.406,6.37,25.358,Rice
2024-07-15 16:50:00,92.414,45.307,90.396,74.043,6.387,28.66,Rice
2024-07-15 16:55:00,95.604,42.258,90.385,79.506,6.136,26.563,Rice
2024-07-15 17:00:00,92.69,53.077,88.094,90.89,6.184,27.486,Rice
2024-07-15 17:05:00,89.213,60.155,92.608,73.343,6.115,31.889,Rice
2024-07-15 17:10:00,83.897,55.074,84.909,71.027,6.047,29.049,Rice
2024-07-15 17:15:00,103.936,54.131,94.892,89.803,6.441,25.568,Rice
2024-07-15 17:20:00,108.751,51.614,96.576,79.177,6.302,30.299,Rice
2024-07-15 17:25:00,78.879,48.075,97.179,80.857,6.847,31.204,Rice
2024-07-15 17:30:00,107.706,42.706,87.873,82.086,6.288,31.555,Rice
2024-07-15 17:35:00,89.009,42.288,85.889,74.27,6.548,26.063,Rice
2024-07-15 17:40:00,116.682,44.42,84.619,74.741,6.163,35.919,Rice
2024-07-15 17:45:00,89.248,57.373,89.094,72.778,6.554,28.832,Rice
2024-07-15 17:50:00,112.558,53.267,91.439,86.062,6.702,27.018,Rice
2024-07-15 17:55:00,93.566,45.11,82.049,86.168,6.408,27.753,Rice
2024-07-15 18:00:00,81.516,52.798,86.562,71.089,6.837,31.223,Rice
2024-07-15 18:05:00,105.424,49.327,94.697,84.416,6.257,30.286,Rice
2024-07-15 18:10:00,96.773,40.395,92.735,78.57,6.921,29.9,Rice
2024-07-15 18:15:00,100.339,49.314,90.62,89.808,6.696,28.443,Rice
2024-07-15 18:20:00,99.208,51.183,82.711,76.051,6.36,30.703,Rice
2024-07-15 18:25:00,87.519,43.715,90.314,90.457,6.47,35.474,Rice
2024-07-15 18:30:00,117.503,48.928,81.405,87.871,6.714,27.112,Rice
2024-07-15 18:35:00,106.418,56.003,97.502,73.99,6.415,28.958,Rice
2024-07-15 18:40:00,109.007,47.245,81.737,69.766,6.131,29.957,Rice
2024-07-15 18:45:00,103.691,41.526,90.418,86.736,6.651,29.036,Rice
2024-07-15 18:50:00,108.993,50.528,92.402,86.666,6.38,34.749,Rice
2024-07-15 18:55:00,85.059,57.636,93.291,72.095,6.142,29.179,Rice
2024-07-15 19:00:00,94.363,57.665,96.693,81.353,6.316,35.538,Rice
2024-07-15 19:05:00,84.794,54.225,81.945,89.59,6.799,34.343,Rice
2024-07-15 19:10:00,99.686,58.964,83.488,83.707,5.895,28.594,Rice
2024-07-15 19:15:00,117.236,42.495,86.522,70.684,6.508,28.865,Rice
2024-07-15 19:20:00,94.077,42.684,99.901,78.608,6.71,24.058,Rice
2024-07-15 19:25:00,100.878,53.97,91.756,82.768,6.831,34.114,Rice
2024-07-15 19:30:00,112.65,59.549,80.488,87.105,6.224,26.828,Rice
2024-07-15 19:35:00,88.392,57.809,82.982,69.724,6.518,30.138,Rice
2024-07-15 19:40:00,91.17,43.266,95.387,75.026,6.686,33.901,Rice
2024-07-15 19:45:00,116.804,48.725,92.098,75.394,6.49,33.487,Rice
2024-07-15 19:50:00,111.181,39.786,97.059,75.717,6.84,30.583,Rice
2024-07-15 19:55:00,93.862,59.598,90.682,73.564,6.43,32.121,Rice
2024-07-15 20:00:00,99.999,41.054,84.436,72.794,6.491,30.693,Rice
2024-07-15 20:05:00,87.85,48.944,97.795,71.875,6.046,25.698,Rice
2024-07-15 20:10:00,92.252,44.843,97.959,84.033,6.165,24.987,Rice
2024-07-15 20:15:00,90.269,59.177,94.88,84.012,6.416,33.309,Rice
2024-07-15 20:20:00,85.055,60.163,95.149,74.032,6.54,28.324,Rice
2024-07-15 20:25:00,104.697,43.805,92.865,82.328,6.761,34.934,Rice
2024-07-15 20:30:00,114.553,51.498,80.2,80.986,6.444,28.53,Rice
2024-07-15 20:35:00,106.591,39.483,85.77,68.762,6.18,33.89,Rice
2024-07-15 20:40:00,83.511,45.18,88.596,81.648,6.396,30.924,Rice
2024-07-15 20:45:00,80.881,57.047,91.26,84.822,6.368,33.965,Rice
2024-07-15 20:50:00,116.472,46.012,86.54,77.812,6.789,26.785,Rice
2024-07-15 20:55:00,79.472,39.017,95.302,76.23,6.501,28.082,Rice
2024-07-15 21:00:00,117.301,47.213,99.614,79.309,6.084,32.595,Rice
2024-07-15 21:05:00,120.901,50.533,85.689,75.926,6.175,30.757,Rice
2024-07-15 21:10:00,99.201,47.102,96.596,84.235,6.4,29.303,Rice
2024-07-15 21:15:00,102.798,47.65,89.622,86.28,6.939,33.588,Rice
2024-07-15 21:20:00,85.552,55.299,94.786,72.975,6.144,34.449,Rice
2024-07-15 21:25:00,102.949,55.286,88.854,88.167,6.651,31.29,Rice
2024-07-15 21:30:00,107.529,54.214,90.347,86.195,6.658,27.384,Rice
2024-07-15 21:35:00,99.001,40.646,83.958,84.315,6.848,30.286,Rice
2024-07-15 21:40:00,118.062,50.68,91.511,90.194,6.233,35.176,Rice
2024-07-15 21:45:00,89.575,52.19,83.062,83.083,5.969,29.368,Rice
2024-07-15 21:50:00,108.218,47.213,99.924,73.348,6.853,24.584,Rice
2024-07-15 21:55:00,111.681,49.719,81.219,77.556,6.642,33.509,Rice
2024-07-15 22:00:00,95.654,49.899,98.573,82.216,6.501,26.238,Rice
2024-07-15 22:05:00,91.413,42.709,80.818,76.474,6.536,26.955,Rice
2024-07-15 22:10:00,89.479,57.114,96.004,71.583,6.63,26.88,Rice
2024-07-15 22:15:00,116.722,50.411,93.834,78.621,6.095,31.559,Rice
2024-07-15 22:20:00,108.271,49.653,96.703,77.273,7.112,32.385,Rice
2024-07-15 22:25:00,122.277,43.599,85.533,70.24,6.779,33.604,Rice
2024-07-15 22:30:00,104.137,60.363,83.109,71.986,6.242,34.433,Rice
2024-07-15 22:35:00,91.904,47.01,97.427,75.204,6.608,28.776,Rice
2024-07-15 22:40:00,107.103,57.865,95.334,71.652,6.487,32.697,Rice
2024-07-15 22:45:00,88.664,57.702,81.151,73.599,6.926,26.523,Rice
2024-07-15 22:50:00,112.894,42.351,93.974,89.611,6.762,27.037,Rice
2024-07-15 22:55:00,104.137,42.031,87.032,81.185,6.957,27.784,Rice
2024-07-15 23:00:00,98.003,49.282,86.149,82.176,7.083,34.633,Rice
2024-07-15 23:05:00,89.498,41.9,92.533,89.876,6.223,26.17,Rice
2024-07-15 23:10:00,80.521,55.314,93.611,90.846,6.627,30.203,Rice
2024-07-15 23:15:00,109.835,58.008,93.833,83.013,6.374,26.979,Rice
2024-07-15 23:20:00,117.228,43.504,80.364,79.733,6.223,30.452,Rice
2024-07-15 23:25:00,111.279,46.552,80.66,77.816,6.079,28.669,Rice
2024-07-15 23:30:00,92.057,53.49,84.927,74.74,6.631,26.748,Rice
2024-07-15 23:35:00,85.246,53.572,91.691,72.504,6.791,30.041,Rice
2024-07-15 23:40:00,80.831,47.89,89.598,69.97,6.237,33.409,Rice
2024-07-15 23:45:00,117.327,41.63,87.132,83.825,6.403,31.574,Rice
2024-07-15 23:50:00,107.314,50.225,84.354,78.479,6.9,29.191,Rice
2024-07-15 23:55:00,109.783,47.412,97.257,81.854,7.159,36.741,Rice
2024-07-16 00:00:00,78.556,49.031,85.82,84.764,6.311,26.175,Rice
